PALUM_USD,PBANSOP_USD,PBARL_USD,PBEEF_USD,PCOALAU_USD,PCOCO_USD,PCOFFOTM_USD,PCOFFROB_USD,PROIL_USD,PCOPP_USD,PCOTTIND_USD,PFISH_USD,PGNUTS_USD,PHIDE_USD,PIORECR_USD,PLAMB_USD,PLEAD_USD,PLOGORE_USD,PLOGSK_USD,PMAIZMT_USD,PNGASEU_USD,PNGASJP_USD,PNGASUS_USD,PNICK_USD,POILAPSP_USD
2054.86,401.96,66.58,136.36,39.7,3167.16,168.67,162.56,591.59,2592.63,88.72,986.56,980.08,59.1,12.15,117.23,1111.13,84.39,146.08,105.51,n.a.,n.a.,n.a.,6584.8,35.64
2131.01,372.19,66.58,134.55,40.26,3236.82,164.83,162,596.6,2916.71,97.21,1040.81,1000.38,48.7,12.15,122.01,1166.24,80.25,159.57,114.17,n.a.,n.a.,n.a.,6978.93,35.09
1978.38,422.91,69.9,118,40.83,3091.1,184.38,169.89,561.51,2303.83,93.53,960.43,1009.4,39.4,12.15,119.32,1117.74,80.25,155.28,109.84,n.a.,n.a.,n.a.,6733.79,36.01
1932.46,395.9,69.9,114.51,41.41,2910.1,180.81,162.9,541.45,2074.55,90.56,944.36,1015.04,38.1,12.15,132.72,970.03,87.5,152.79,108.26,n.a.,n.a.,n.a.,6233.37,35.09
1775.8,444.97,68.24,110.5,41.99,2585.8,190.54,174.06,536.44,2076.75,88.4,1014.68,1035.34,33.8,12.15,142.07,793.66,87.5,162.74,109.84,n.a.,n.a.,n.a.,6000.77,35.72
1668.96,342.41,64.93,113.89,42.58,2498.05,181.41,169.01,546.46,2006.2,84.14,972.49,1043.23,38.2,12.15,141.63,736.34,87.5,164.43,113.38,n.a.,n.a.,n.a.,6294.83,35.54
1758.07,351.78,86.53,124.96,43.19,2464.77,155.67,147.94,594.59,2175.96,88.87,962.44,992.48,43.9,12.15,146.38,809.1,93.71,141.14,130.7,n.a.,n.a.,n.a.,6622.17,34.33
1783.63,342.41,81.56,132.51,43.8,2312.21,135.99,132.05,590.58,2081.16,96.37,984.55,1060.15,53.3,12.15,140.96,850.98,82.84,134.52,143.3,n.a.,n.a.,n.a.,6584.51,31.88
1655.07,352.89,78.24,129.15,44.42,2386.06,125.88,124.96,591.59,2059.11,101.12,1006.65,1353.38,43,12.15,132.49,881.85,73,159.13,140.94,n.a.,n.a.,n.a.,6655.36,31.91
1626.15,325.32,88.18,129.83,45.05,2305.37,126.09,125.49,545.46,2045.89,98.69,1028.75,1917.29,49.1,12.15,134.36,870.82,67.82,105.06,140.54,n.a.,n.a.,n.a.,6691.95,37.25
1503.91,379.35,103.22,133.25,45.68,2173.76,114.86,116.36,595.6,2010.61,98.03,1141.27,2706.77,54.3,12.15,124.2,813.5,71.97,107.98,146.84,n.a.,n.a.,n.a.,6452.67,40.97
1430.66,369.98,94.88,124.77,46.33,2109.82,121.21,118.54,576.55,1878.34,99.16,1119.17,2622.18,50.1,12.15,120.62,742.96,73,109.44,145.27,n.a.,n.a.,n.a.,6390.91,39.05
1430.83,387.62,92.52,121.73,46.98,2093.07,127.98,122.13,519.39,1876.13,99.51,1087.02,2255.64,44.8,12.15,133.28,703.27,70.41,112.35,151.96,n.a.,n.a.,n.a.,6403.77,38.69
1452.38,435.6,94.17,116.75,47.65,2040.82,125.11,115.48,492.32,1803.38,95.85,1040.81,1691.73,40.7,12.15,134.12,690.05,67.82,109.12,143.3,n.a.,n.a.,n.a.,6370.75,36.75
1442.95,459.31,89.2,113.3,48.32,2115.77,125.93,113.92,504.35,1816.61,91.72,1018.7,1578.95,42.4,12.15,124.75,727.52,69.38,106.78,142.12,n.a.,n.a.,n.a.,6292.43,36.44
1369.23,425.67,82.58,114.8,49.01,2109.6,128.2,112.93,516.38,1823.22,88.65,1006.65,1590.23,45.9,12.15,136.17,758.39,66.79,102.29,144.48,n.a.,n.a.,n.a.,6307.06,35.7
1297,449.93,82.58,112.95,49.7,1933.01,125.93,108.38,488.31,1746.06,87.51,1012.68,1587.97,44.1,12.15,146.3,694.46,68.34,104.56,140.94,n.a.,n.a.,n.a.,6352.16,33.32
1232.41,388.18,70.92,110.48,50.4,1660.3,111.94,85.23,482.29,1699.76,86.36,974.5,1382.71,42,12.15,135.45,712.09,77.14,102.43,136.21,n.a.,n.a.,n.a.,6169.46,31.6
1175.31,329.73,77.54,109.5,51.12,2048.31,120.01,88.25,476.28,1682.12,85.27,944.36,1325.19,40.2,12.15,113.13,782.64,73,91.62,137.79,n.a.,n.a.,n.a.,6150.34,31.63
1230.83,305.47,75.89,109.5,51.84,2246.95,124.09,90.39,467.25,1787.95,80.72,882.07,1233.83,42.6,12.15,101.22,822.32,69.89,88.84,127.16,n.a.,n.a.,n.a.,5999.12,31.99
1168.91,435.04,70.92,111.5,52.57,2337.12,126.02,88.88,471.26,1706.38,77.24,872.03,1179.7,39.3,12.15,112.4,760.59,69.38,88.2,115.74,n.a.,n.a.,n.a.,5579.06,31.77
1140.18,389.28,73.59,110.38,53.32,2172.65,136.41,98.51,478.28,1664.49,75,813.76,1103.01,39.7,12.15,120.59,716.5,71.97,92.25,111.41,n.a.,n.a.,n.a.,5216.71,32.61
1081.85,395.9,77.54,107.53,54.07,2056.47,143.79,106.33,471.26,1651.26,72.01,817.78,1069.17,39.7,12.15,122.25,665.8,80.77,102.43,110.62,n.a.,n.a.,n.a.,5100.25,34.05
1130.88,416.3,69.26,107.04,54.83,2104.53,141.67,104.52,449.2,1655.67,67.75,801.7,1019.55,39.2,12.15,120.07,676.82,87.5,118.31,105.51,n.a.,n.a.,n.a.,5496.03,33.91
1113.26,425.12,72.57,108,55.61,2188.09,143.9,106.01,436.17,1613.78,69.97,783.62,1012.78,40.4,14.05,135.3,648.16,96.82,120.11,113.38,n.a.,n.a.,n.a.,5628.9,33.81
1087.71,383.21,75.89,108,55.61,2087.11,155,115.63,442.19,1596.14,69.98,741.42,978.95,39.5,14.05,124.7,615.09,94.34,109.64,112.59,n.a.,n.a.,n.a.,5716.76,29.96
1029.24,421.81,70.92,108,55.61,1947.78,144.83,112.83,436.17,1512.37,70.44,717.31,964.29,37.2,14.05,121.3,610.68,95.55,107.8,114.17,n.a.,n.a.,n.a.,5653.36,28.25
996.21,476.4,70.22,109,55.61,1745.4,141.4,106.67,452.21,1521.19,71.15,717.31,945.11,38.15,14.05,116.65,575.41,97.8,105.16,116.14,n.a.,n.a.,n.a.,5394.05,30.44
973.29,438.35,76.21,109.5,55.61,1714.97,137,102.97,478.28,1530.01,76.69,727.36,904.51,39.52,14.05,116.39,575.41,91.92,107.5,116.53,n.a.,n.a.,n.a.,5211.84,33.22
918.85,399.76,71.87,108,55.61,1571.67,141.02,102.85,433.16,1309.54,75.64,699.23,868.42,38.4,14.05,110.6,522.49,90.58,96.34,114.96,n.a.,n.a.,n.a.,5186.7,32.66
957.85,326.97,58.56,101,55.61,1578.29,131.11,99.57,408.09,1439.62,78.47,673.11,900,39,14.05,108.83,553.36,88.32,96.1,111.41,n.a.,n.a.,n.a.,5068.58,31.49
958.86,302.71,59.26,101.7,55.61,1559.55,132.83,103.79,388.04,1450.64,76.4,642.97,868.42,39.9,14.05,104.03,522.49,86.3,95.17,101.18,n.a.,n.a.,n.a.,4953.03,31.05
959.53,347.92,54.92,110,55.61,1686.09,136.73,112,391.05,1424.18,72.82,640.96,845.86,39.4,14.05,100.73,515.88,85.26,95.63,97.63,n.a.,n.a.,n.a.,4310.3,32.88
951.48,299.4,50.27,112.5,55.61,1638.03,141.18,118.27,391.05,1463.87,70.21,655.02,959.77,38.4,14.05,95.88,498.24,83.9,91.88,90.94,n.a.,n.a.,n.a.,3916.51,33.23
965.15,333.04,50.27,112.5,55.61,1541.25,137.86,123.15,382.02,1444.03,69.04,729.37,978.95,37.1,14.05,85.84,462.97,81.21,95.18,102.75,n.a.,n.a.,n.a.,3433.66,31.48
987.39,342.96,53.59,112.5,45.5,1643.54,133.79,128.76,384.03,1474.89,69.26,801.7,972.18,35.8,14.05,83.54,449.74,81.21,102.77,105.51,n.a.,n.a.,n.a.,3576.27,30.06
1076.53,338,53.59,103.6,43,1784.2,128.53,124.71,387.04,1574.1,71.88,882.07,947.37,35.9,12.54,81.3,476.2,78.52,100.25,108.26,n.a.,n.a.,n.a.,3796.96,30.44
1230.46,380.3,57.92,108,43,1942.27,125.87,122.15,391.05,1649.06,74.32,849.92,924.81,36,12.54,77.5,456.36,74.39,80.01,117.32,n.a.,n.a.,n.a.,4228.2,28.91
1301.73,406.8,56.9,113.1,43,1859.38,124.27,119.99,397.06,1598.35,79.11,807.73,919.17,37.7,12.54,84.73,445.33,73.37,77.38,125.19,n.a.,n.a.,n.a.,4831.77,28.13
1363.57,479.3,66.9,115.4,43,1877.23,123.96,120.42,403.08,1675.51,80.22,884.08,942.86,37.7,12.54,96.64,456.36,75.21,80.4,133.46,n.a.,n.a.,n.a.,4817.79,29.49
1453.43,554.2,63.59,115.1,43,2065.07,128.15,122.64,428.15,1765.9,81.96,878.05,930.45,43.3,12.54,95.87,432.11,84.86,85.17,133.85,n.a.,n.a.,n.a.,5031.53,29.16
1465.58,504.6,66.58,111.9,43,2297.66,126.4,120.55,405.09,1701.97,86.01,863.99,937.22,44.1,12.54,89.55,407.85,82.66,82.27,135.03,n.a.,n.a.,n.a.,4883.16,29.79
1520.21,503.1,64.93,111.5,34.75,2302.73,127.86,121.01,426.14,1704.17,88.44,870.02,938.35,49.5,12.54,87.61,403.45,79.58,81.71,140.54,n.a.,n.a.,n.a.,4804.04,30.35
1603.67,464.1,76.59,112.5,34.75,2302.95,129.31,120.9,581.56,1640.24,90.8,908.19,1071.43,49.5,12.54,88.08,396.83,76.02,88.87,152.75,n.a.,n.a.,n.a.,4852.76,30.55
1613.73,418.9,87.36,111.83,34.75,2138.04,132.56,122.1,678.42,1560.87,89.85,1010.67,1466.17,49.5,12.54,88.86,403.45,78.17,92.42,147.63,n.a.,n.a.,n.a.,4910.52,29.99
1566.26,411.5,88.18,111.22,34.75,2094.39,141.28,130.34,657.76,1435.21,88.11,1024.73,1437.97,49.5,12.54,89.69,418.88,80.32,106.42,148.02,n.a.,n.a.,n.a.,4674.15,29.39
1516.73,342.5,89.91,109.17,32,2219.61,145.55,130.38,635.7,1388.91,89.12,962.44,1285.71,53,12.54,88.72,405.65,78.6,108.11,146.84,n.a.,n.a.,n.a.,4585.17,28.92
1549.34,342.4,78.24,104.74,29.25,2540.82,146.54,134.21,627.68,1415.37,89.36,968.47,1263.16,55.9,12.54,86.06,401.24,76.88,111.87,142.91,n.a.,n.a.,n.a.,4657,28.51
1548.91,341.7,84.87,102.6,29.25,2621.95,143.14,134.5,670.8,1375.68,87.8,964.45,1218.05,54.7,11.31,84.5,396.83,77.52,111.87,142.12,n.a.,n.a.,n.a.,4670.48,28.98
1491.16,416.52,84.87,106.1,29.25,2497.39,145.72,137.19,657.76,1428.59,87.44,936.32,1082.71,53.6,11.31,85.28,403.45,78.01,111.87,137,n.a.,n.a.,n.a.,4639.91,29.17
1455.76,413.64,87.55,108,29.25,2536.19,148.21,138.88,706.89,1501.35,88.43,859.97,1099.62,55.5,11.31,88.78,458.56,74.62,126.49,146.06,n.a.,n.a.,n.a.,4780.83,29.55
1370.35,414.5,92.52,112,29.25,2536.42,150.4,137.58,756.03,1532.21,88.99,807.73,1071.43,53.7,11.31,94.57,480.61,77.97,137.66,148.02,n.a.,n.a.,n.a.,4911.41,29.53
1289.14,426.22,93.22,108.64,29.25,2677.51,149.94,146.28,871.34,1419.78,88.88,767.54,1026.32,60.6,11.31,94.99,451.95,77.46,140.47,146.06,n.a.,n.a.,n.a.,4811.42,29.42
1275.03,458.89,89.91,105.83,31.75,2485.05,146.66,143.67,833.23,1364.66,83.73,747.45,1040.98,63.8,11.31,94.08,482.81,76.95,131.55,146.84,n.a.,n.a.,n.a.,4773.23,28.99
1162.81,366.63,72.89,101.32,31.75,2216.52,143.37,138.32,661.77,1331.59,78.99,685.16,947.37,63.8,11.31,89.33,493.83,74.97,110.17,142.51,n.a.,n.a.,n.a.,4640.18,27.9
1136.01,339.62,66.58,102.26,31.75,2213.66,145.29,140.11,640.72,1338.2,75.52,669.09,789.47,63,11.31,88.82,467.38,73.1,106.39,138.58,n.a.,n.a.,n.a.,4736.07,28.19
1012.17,378.93,68.88,99.09,31.75,2311.1,140.24,142.05,652.75,1294.11,73.16,638.95,710.53,63,11.31,84.89,401.24,72.91,101.49,130.31,n.a.,n.a.,n.a.,4705.64,28.35
1027.65,308.87,70.6,95.48,31.75,2257.31,136.12,135.01,619.66,1272.07,73.62,640.96,738.72,65,11.31,82.33,412.26,72.23,97.32,121.25,n.a.,n.a.,n.a.,4750.29,28
1154.66,269,71.24,95.32,32.75,2255.11,140.25,135.47,632.7,1344.82,72.67,649,812.03,65,11.31,84.37,440.04,55.87,95.38,117.32,n.a.,n.a.,n.a.,4748.4,27.59
1095.7,299.22,61.55,100.67,33.75,2140.47,140.64,129.13,556.49,1320.57,71.99,630.91,784.96,44.7,11.31,80.49,414.47,69.52,89.47,113.77,n.a.,n.a.,n.a.,4858.98,26.88
1075.85,376.27,66.58,102.93,33.75,2219.61,145.58,127.9,593.59,1358.05,71.4,616.85,769.17,44.7,11.49,79.49,418.88,71.14,79.71,119.68,137.16,n.a.,n.a.,4947.17,26.63
1097.9,442.36,68.24,105,33.75,2273.4,143.73,124.67,632.7,1388.91,68.67,586.71,750,44.7,11.49,76.97,368.17,71.14,76.63,119.68,137.16,n.a.,n.a.,5050.79,27.56
1095.26,453.7,64.93,102.07,33.75,2232.4,141.27,124.02,651.75,1389.35,67.21,562.6,766.92,42.3,11.49,78.27,351.64,71.14,77.13,120.47,137.16,n.a.,n.a.,5211.72,27.91
1108.92,484.41,68.24,96.68,33.75,2240.78,140.66,123.25,678.82,1501.35,66.26,544.51,833.46,45.6,11.49,84.48,390.22,72.75,80.77,120.07,137.16,n.a.,n.a.,5489.5,27.84
1104.51,457.51,68.24,94.88,33.75,2129,141.94,121.41,635.7,1530.01,65.07,554.56,866.17,45.6,11.49,84.05,374.79,72.75,80.77,116.92,137.16,n.a.,n.a.,5604.14,26.66
1031.76,380.5,64.93,94.98,33.75,2091.74,141.16,120.54,612.64,1433,63,514.37,857.14,56,11.49,85.39,388.01,73.69,78.07,116.14,137.16,n.a.,n.a.,5553.44,26.35
1011.92,320.5,59.89,93.05,33.75,2209.91,134.31,107.29,538.44,1474.89,61.1,510.36,750,56,11.49,90.83,403.45,72.14,81.89,114.96,137.16,n.a.,n.a.,5090.47,26.63
1018.53,421.9,48.3,93.72,33.75,2275.39,132.93,106.81,419.75,1419.78,57,520.4,770,48.9,11.49,89.62,412.26,72.87,79.45,105.51,137.16,n.a.,n.a.,4907.48,27.13
985.47,361.5,46.58,93.72,33.75,2342.19,133.07,105.11,413.35,1366.86,54.2,513.42,770,48.9,11.49,83.62,401.24,71.13,76.41,101.96,137.16,n.a.,n.a.,4570.18,27.52
970.03,278.3,48.3,97,33.75,2363.13,140.48,112.48,431.17,1384.5,48.84,539.12,726.52,57,11.49,82.53,392.42,72.25,84.74,97.63,137.16,n.a.,n.a.,4239.48,28.29
950.19,275,48.3,97,33.75,2297.66,154.85,128.03,433.48,1369.07,48.12,558.36,720,63.3,11.49,83.53,394.63,75.29,93.99,106.29,137.16,n.a.,n.a.,4034.45,29.18
1038.38,284.9,53.27,101,33.75,2379.45,196.77,153.4,450.01,1391.12,48.19,558.79,720,61.1,11.49,83.92,392.42,71.27,97.37,108.66,137.16,n.a.,n.a.,4089.57,26.75
1119.95,329,53.27,99,33.75,2323.67,235.3,172.22,443.13,1417.57,51.82,551.79,665.22,57.7,11.36,82.64,368.17,70.26,99.64,107.08,123.84,n.a.,n.a.,4034.45,22.33
1115.54,386.4,53.27,98,33.75,2218.51,226.52,163.32,444.68,1404.34,54.51,553.06,632,58.6,11.36,82.93,365.97,75,105.3,104.33,123.84,n.a.,n.a.,3988.16,16.38
1168.45,499.9,54.35,99.4,30.75,2107.18,237.62,169.79,302.09,1444.03,52.24,568.49,616.19,57.8,11.36,89.45,365.97,74.63,93.57,100.78,123.84,n.a.,n.a.,4135.87,12.77
1164.04,577.6,49.64,93.62,30.75,1989.67,224.07,157.53,537.34,1433,48.5,591.92,616.36,63.1,11.36,91.3,368.17,75.37,96.09,101.57,123.84,n.a.,n.a.,4085.16,11.89
1164.04,387.5,49.95,93.68,30.75,1905.67,208.74,142.56,341.05,1417.57,45.42,600.36,722.73,68.81,11.36,97.44,376.99,74.18,104.18,105.51,123.84,n.a.,n.a.,4043.27,13.49
1183.88,345,43.26,91.54,30.75,1905.67,174.54,125.79,358.62,1413.16,41.03,595.86,720.95,68.7,11.36,108.49,418.88,76.15,94.68,104.72,123.84,n.a.,n.a.,4087.37,11.95
1122.15,330.7,39.95,87.44,30.75,2022.3,170.63,126.42,341.11,1344.82,37.44,595.95,841.74,68.3,11.36,105.65,379.19,75.18,95.18,83.46,123.84,n.a.,n.a.,3911,9.88
1128.77,320.8,36.64,90.64,30.75,2068,172.23,135.17,312.14,1302.93,37.03,587.02,1119.29,66.7,11.36,90.67,392.42,79.94,93.01,75.19,123.84,n.a.,n.a.,3807.38,13.42
1205.93,423.8,39.95,94.88,30.75,2206,198.36,163.8,253.31,1309.54,43.5,580.9,1108.64,64.5,11.36,94.26,407.85,75.17,85.41,66.14,123.84,n.a.,n.a.,3723.6,14.03
1161.83,374.8,48.3,95.6,30.75,2073,175.91,148.58,292.7,1316.16,51.23,563.56,1299.13,66,11.36,89.24,434.31,76.2,84.31,65.35,123.84,n.a.,n.a.,3644.24,14.01
1130.97,293.8,55.56,97,30.75,2024,154.63,148.67,347.4,1302.93,52.81,562.78,1066.25,65.3,11.36,88.27,473.99,74.94,97.37,69.29,123.84,n.a.,n.a.,3642.03,14.47
1130.97,311.4,46.58,99,29.25,1976,134.31,126.02,339.07,1331.59,59.71,568.84,860,62,11.36,90.51,515.88,75.58,118.73,70.08,123.84,n.a.,n.a.,3562.67,15.44
1170.65,421.6,46.45,99,29.25,1976,121.75,113.81,367.54,1344.82,65.68,594.42,780.45,61.8,10.94,94.9,462.97,78.23,127.46,68.11,76.68,n.a.,n.a.,3525.19,18.1
1283.09,461.9,46.32,103.29,29.25,1965,119.6,110.45,341.93,1380.09,65.85,603.4,617.5,64.1,10.94,96,460.77,81.13,123.95,66.93,76.68,n.a.,n.a.,3716.99,17.28
1369.07,449.2,46.45,105.56,29.25,2011,102.04,98.28,323.23,1463.87,63.09,628.99,566.14,69.72,10.94,99.4,487.22,77.23,121.49,71.65,76.68,n.a.,n.a.,3772.1,17.74
1399.93,350.5,58.94,108.68,24.75,2072,106.3,101.17,332.61,1483.71,65.85,644.36,555.73,82.6,10.94,99.6,555.56,74.65,132,74.41,76.68,n.a.,n.a.,3897.77,18.05
1410.96,454.7,63.91,109,24.75,2068,116.38,105.69,333.49,1518.98,76.9,658.44,565.71,83.82,10.94,101.05,692.25,78.28,126.28,80.7,76.68,n.a.,n.a.,4435.7,18.41
1472.69,382.5,56.58,105.1,24.75,1997,103.72,98.23,347.25,1571.89,79.3,643.39,580,82,10.94,98.63,628.32,80.68,128.82,80.31,76.68,n.a.,n.a.,4435.7,18.71
1653.47,435.4,54.92,105.76,27,2127.1,98.56,92.5,349.36,1693.15,83.24,635.54,580,82.48,10.94,95.99,663.59,84.73,133.81,76.37,76.68,n.a.,n.a.,4753.16,19.62
1809.99,338.4,50.59,104,27,2022,100.9,94.8,293.53,1754.88,86.6,631.84,580,83.9,10.94,93,659.18,91.84,161.54,71.26,76.68,n.a.,n.a.,5306.52,18.88
1746.06,354.4,57.6,113.7,27,1988,110,99.48,320.67,1809.99,83.61,649.78,580,89.02,10.94,97.02,645.95,101.33,228.72,72.83,76.68,n.a.,n.a.,5332.98,18.32
1962.11,270.1,60.6,114,27,1913,118.26,103.83,325.56,1966.52,76.19,656.27,580,89.9,10.94,95.11,599.66,104.13,233.92,78.74,76.68,n.a.,n.a.,5692.33,18.63
1679.92,410.1,59.42,116.04,29,1938,124.77,105.76,330.19,2519.88,75.83,701.81,580,85.38,10.94,101,641.54,109.29,251.57,81.89,76.68,n.a.,n.a.,5937.04,17.87
1823.22,388,58.24,113.97,31,1896,125.22,104.05,502.63,2866.01,75.08,722.42,580,83.38,10.94,109.67,659.18,101.66,240,83.07,76.68,n.a.,n.a.,7661.05,16.77
2001.79,448.1,56.9,113,31,1973,126.38,103.19,544.56,2660.98,72.19,712.49,614.29,82.93,10.51,112.7,665.8,100.39,204.25,86.61,72,n.a.,n.a.,8073.32,16.5
2138.48,485.6,56.9,118.57,31,1799,137.14,104.09,530.43,2328.08,67.49,694.14,645.95,86.55,10.51,109.93,654.77,102.14,155.81,87.4,72,n.a.,n.a.,8666.36,15.9
2526.49,525.8,62.25,117.5,33,1685,134.74,99.82,552.82,2358.94,66.34,724.08,645,97.38,10.51,115.1,648.16,105.87,158.11,90.55,72,n.a.,n.a.,15496.27,14.86
2508.86,482.3,67.92,113,33,1649,134.3,96.6,566.5,2283.99,65.75,741.9,595,100,10.51,117.2,648.16,100.97,172.59,89.76,69,n.a.,n.a.,18011.75,16.42
2987.26,558.3,65.25,110,33,1698,136.39,94.94,565.01,2442.72,65.58,738.19,595,99.2,10.51,115.62,668,107.09,172.82,90.15,69,n.a.,n.a.,17024.08,16.36
3578.1,595.2,79.9,109.9,36,1624,141.83,94.15,538.13,2539.72,68.78,701.83,595,87.5,10.51,110.12,676.82,105.49,163.94,120.07,69,n.a.,n.a.,15588.87,15.49
2581.61,416.7,78.24,110.8,36,1610,139.24,85.39,515,2213.44,63.43,673.44,744.76,84.2,10.51,104.9,619.5,100,156.64,126.77,68,n.a.,n.a.,14592.38,14.47
2700.66,358.3,66.58,113.9,36,1448,128.89,81.58,512.69,2200.21,58.41,670.13,646.09,93.3,10.51,103,601.86,102.93,150.6,118.89,68,n.a.,n.a.,14186.73,14.57
2387.6,534.6,88.38,113.9,37,1239,134.83,89.98,508.41,2433.9,56.74,665.15,650,86.68,10.51,102.2,608.48,101.15,152.37,121.25,68,n.a.,n.a.,11878.49,13.22
2308.24,420.5,76.59,116.5,37,1304,130.43,95.24,524.16,2936.55,57.64,686.04,637.14,80.38,10.51,104.66,654.77,103.17,168.52,121.25,64.6,n.a.,n.a.,11556.62,12.23
2380.99,410.6,74.87,116.5,37.5,1473,132.09,94.13,545.99,3302.52,58.61,714.64,636.82,76.9,10.51,108.3,690.05,108.58,176.49,113.38,64.6,n.a.,n.a.,13342.36,12.53
2458.15,501.6,70.22,116.5,38,1503,144.95,102.17,551.94,3496.53,61.26,720.81,684.09,76.8,10.51,109.74,729.73,103.09,174.41,117.32,64.6,n.a.,n.a.,16920.46,14.68
2398.63,427.1,73.21,110.51,38,1435,149.5,102.83,536.36,3392.91,63.13,701.81,752.95,83.67,12.03,105.5,674.61,104.35,169.47,118.5,60,n.a.,n.a.,17725.14,16.45
2175.6,492.7,75.57,112.91,38,1483.89,137.57,96.55,529.68,3095.29,62.96,692.78,774.25,87.48,12.03,104.53,620.96,96.65,168.76,117.58,60,n.a.,n.a.,18582.47,16.52
2074.55,700,82.9,110.66,38,1413,139.38,95.61,517.96,3262.84,66.02,677.02,767.83,94.61,12.03,102.9,588.63,108.2,165.4,118.89,60,n.a.,n.a.,17156.35,18.1
2125.8,720.9,84.23,110.94,38,1290,143.06,91.73,513.49,3117.33,73.75,672.25,775.75,87.3,12.03,108.39,607.5,94.41,163.25,115.35,52,n.a.,n.a.,15261.5,19.39
2259,658.6,83.21,110.22,38,1205,138.65,92,492.6,2738.14,77.34,643.74,795.65,85.13,12.03,105.86,643,104.73,155.85,117.32,52,n.a.,n.a.,13454,18.22
1914,526.9,67.92,110.48,38,1252,123.21,84.55,468.97,2544.13,78.86,614.32,864.55,85.1,12.03,102.1,665,98.95,172.45,113.38,52,n.a.,n.a.,12143,17.8
1756,448.1,74.87,113.07,38,1351.49,85.91,65.78,489.91,2503.79,83.01,642.39,839.52,90.19,12.03,106.56,691,104.89,176.21,107.48,57,n.a.,n.a.,12275,17.67
1798,510.4,73.21,115.58,38,1292,77.4,59.35,482.59,2760.18,82.97,629.51,739.78,91.5,12.03,105,701,114.52,175.72,101.18,57,n.a.,n.a.,12910,16.87
1718,517,71.55,120.09,38,1140,77.84,60.66,424.07,2883.64,81.45,621.45,747.14,95.89,12.03,104.45,727,110.22,168.47,103.14,57,n.a.,n.a.,11222,17.69
1820,551.2,71.87,124.5,38,1064,67.76,53.83,401.75,2859.39,82.1,627,777.27,94.68,12.03,106.79,751,110.6,167.11,106.29,59.8,n.a.,n.a.,10425,18.41
1736,512.6,69.9,128.1,38,1010,70.72,53.23,426.26,2590.43,82.13,621.54,798.18,93.8,12.03,103.34,692,107.32,165.26,108.66,59.8,n.a.,n.a.,9793,18.38
1633,496,73.21,130.5,38,970,72.55,52.15,435.54,2418.47,77.62,631.76,829.52,90.86,12.03,108.33,710,119.66,160.1,108.66,59.8,n.a.,n.a.,8809,19.37
1528,589.7,75.57,126.31,38,995,75.83,50.52,440.95,2365.56,75.2,652.06,864.35,92.7,14.05,111.9,707,115.43,156.04,105.9,62.28,n.a.,n.a.,7056,20.59
1454,644.9,73.86,111.46,38,1022,84.01,51.3,422.29,2358.94,75.96,670.17,823.75,92.68,14.05,116.17,779,118.22,153.1,106.29,62.28,n.a.,n.a.,6977,19.68
1567,538.5,70.04,112.67,38,1131,93.96,57.68,412.77,2625.7,78.9,641.98,795.91,95.41,14.05,114.08,1059,119.81,145.55,109.84,62.28,n.a.,n.a.,9267,18.12
1526,584.2,68.77,112.13,38,1336,93.73,57.39,428.8,2685.23,82.87,647.4,761.43,100,14.05,121.11,835,120.66,145.14,118.5,75.96,n.a.,n.a.,8939,16.32
1527,494.4,71.03,112.49,40.5,1443,92.02,55.03,444.77,2740.34,85.6,663.07,768.48,99.46,14.05,122.52,825,124.28,155.67,121.25,75.96,n.a.,n.a.,8698,16.21
1566,529.1,80.23,113.58,40.5,1330,88.26,52.38,430.43,2583.81,90.18,676.15,767.38,97.9,14.05,123.41,837,129.45,163.59,120.07,75.96,n.a.,n.a.,8422,14.93
1571,625.6,77.99,116.07,40.5,1346,86.48,51.47,435.43,2769,91.79,715.45,778.18,96.75,14.05,125.57,875,124.23,170.92,114.96,69.12,n.a.,n.a.,9318,16.81
1782,546.4,83.78,120.39,40.5,1284,94.42,55.1,421.39,2956.4,81.28,751.04,963.04,91.89,14.05,125.38,875,129.7,170.64,109.84,69.12,n.a.,n.a.,10957,26.54
2067,523.6,88.39,122.33,40.5,1371,94.92,57.09,422.95,3040.17,81.28,743.24,1252.5,87.66,14.05,124.07,838,129.78,170.65,102.36,69.12,n.a.,n.a.,10844,33.62
1946,490.7,88.16,117.26,40.5,1309,91.41,58.05,429.86,2742.55,81.36,584.5,1780.43,84.59,14.05,125.46,760,121.31,174.52,100,85.68,n.a.,n.a.,9145,34.85
1618,427.1,91.47,114.95,40.5,1352,84.84,56.79,432.07,2583.81,82.43,554.05,1743.18,82.86,14.05,123.73,700,130.5,161.48,100,85.68,n.a.,n.a.,8587,31.54
1522,496,89.81,115.56,40.5,1297,89.89,57.04,420.13,2484.61,83.86,517.15,1488.1,84.85,14.05,120.32,624,119.35,156.07,102.36,85.68,n.a.,n.a.,8158,26.61
1515,596.69,93.88,117.62,40.5,1242,86.32,53.92,406.08,2447.13,83.71,526.29,1319.57,81.64,15.03,119.23,600,126.14,155.69,105.51,106.56,n.a.,51.48,8569,22.81
1505,693.77,92.04,123.96,40.5,1215,89.57,52.46,404.94,2447.13,84.88,611.24,1668.75,75.9,15.03,120.89,593,126.77,159.74,106.29,106.56,n.a.,50.9,8672,18.53
1496,837.23,88.09,117.56,39.5,1211,93.72,52.13,397.32,2409.65,84.23,507.13,1700,76.6,15.03,111,602,122.87,151.92,109.05,106.56,n.a.,48.82,8700,18.21
1392,779.13,85.15,118.44,39.5,1144,92.27,52.38,411.23,2471.38,83.43,510.41,1543.18,86.45,15.03,103.59,600,126.26,163.83,110.23,122.76,n.a.,49.05,9023,18.49
1299.95,632.63,85.3,119.11,39.5,1063.4,87.59,48.25,435.03,2340.42,84.17,510.05,982.61,88.72,15.03,103.98,559.82,123.5,162.71,105.74,122.76,n.a.,48.1,8499.61,18.72
1283.55,633.83,71.28,122.64,39.5,1041.48,85.5,47.1,415.22,2218.07,83.84,500.39,1000,86.7,15.03,100.1,549.44,121.46,192.81,105.11,122.76,n.a.,45.04,8296.5,17.78
1297.55,401.9,72.27,121.87,39.5,996.86,82.81,46.44,438.36,2231.26,81.02,501.56,938.04,83.91,15.03,96.75,549.59,126.27,195.3,105.73,112.32,n.a.,41.35,8515.2,19.02
1259.69,478.5,67.06,119.81,39.5,1136.35,81.62,46.61,437.68,2236.19,73.47,488.04,826.14,77.52,15.03,99.28,541,125.48,201.82,110.12,112.32,n.a.,46.9,8154.75,19.3
1212.1,366.86,67.43,124.5,39.5,1273.32,87.45,48.11,389.55,2318.58,70.33,505.34,750,74.05,15.03,99.89,538.95,129.06,200.27,108.85,112.32,n.a.,53.03,7675.95,19.95
1152.95,448.11,68.21,123.4,39.5,1304.4,79.86,47.48,408.23,2360.65,67.94,517.7,740.43,75.36,15.03,96.52,522.2,123.25,206.19,109.52,91.44,n.a.,60.55,7453.86,21.56
1134.93,440.92,73.3,122.83,39.5,1316.94,78.52,51.69,428.37,2375.66,64.1,556.15,714.76,75.26,15.03,100.22,506.24,128.12,181.51,106.8,91.44,n.a.,64.99,7258.5,20.41
1099.53,403.97,75.43,118.27,39.5,1366.61,75.1,51.43,426.62,2205.92,61.76,570.41,650,71.29,15.03,107.05,531.37,128.85,183.74,106.72,91.44,n.a.,66.53,7140.26,17.63
1181.23,569.73,73.42,116.64,39.5,1281.57,72.99,49.44,405.89,2150.58,59.62,541.02,661.96,70.7,14.31,107.76,515.67,126.49,188.17,109.59,85.68,79.95,51.86,7531.14,17.52
1270.75,606.27,71.28,114.49,39.5,1191.05,67.88,43.22,387.36,2208.89,56.3,537.85,675,67.84,14.31,111.27,505.75,128.77,197.3,113.92,85.68,74.69,42.48,7888,17.65
1282.02,606.3,72.64,111.11,39.5,1127.96,70.14,43.06,384.56,2231.79,55.33,527.96,660.23,69.77,14.31,108.61,523.15,128.57,189.57,116.68,85.68,72.59,45.36,7430.46,17.35
1317.13,418.99,75.23,108.17,39.5,1045.48,65.43,42.35,411.06,2214.17,57.99,544.83,645.45,75.95,14.31,112.46,533.26,142.01,188.39,109.06,84.24,72.59,50.06,7417.95,18.65
1306.71,425.83,84.78,107.76,39.5,995.31,60.26,38.79,405.58,2219.32,60.59,555.75,630,80,14.31,116.84,520.75,142.98,188.53,109.18,84.24,75.43,55.92,7333.95,19.52
1275.27,404.45,84.89,105.9,39.5,962.63,58.38,38.07,450.3,2296.44,63.89,533.52,632.73,76.77,14.31,119.21,551.02,148.84,191.29,110.2,84.24,78.27,57.29,7202.36,20.88
1314.35,432.54,77.37,106.43,39.5,1105.24,57.68,39.6,456.72,2527.29,65.29,533.75,660,76.57,14.31,123.69,633.25,155.39,184.48,102.39,86.04,82.9,60.6,7516.17,20.18
1305.55,620.71,77.04,110.92,39.5,1182.11,52.42,39.92,424.65,2513.47,59.75,533.15,660,72.87,14.31,125.8,655.28,183.29,183.51,97.54,86.04,83.32,68.9,7279.75,19.62
1270.21,511.7,83.57,110.69,39.5,1118.93,52.73,42.39,395.56,2419.61,56.65,490.82,640,77.72,14.31,124.77,624.84,167.3,194.74,98.22,86.04,83.74,75.17,6918.57,20.19
1180.84,389.6,82.21,113.39,37.25,1071.48,61.4,45.5,355.03,2262.46,53.12,438.86,640,80.98,14.31,117.35,540.45,164.55,207.83,94.56,84.6,81.42,86.99,6322.5,20.04
1162.21,380.03,82.12,115.24,35,1076.38,67.13,49.07,326.69,2161.79,52.69,463.42,640,80.05,14.31,106.64,462.05,174.32,205.99,95.17,84.6,80.79,82.01,5593.71,18.9
1209.02,310.85,79.55,115.29,35,1034.9,77.46,52.09,457.77,2211.95,54,511.72,646.52,81.14,14.31,110.67,456.7,167.07,240.49,94.04,84.6,79.53,79.66,5751.19,17.93
1208.1,524.92,75.08,106.8,35,1035.57,68.66,48.13,425.93,2264.21,57.29,503.41,670,79.87,12.58,110.2,436.9,195.11,240.04,94.1,97.2,75.95,70.07,5948.1,17.24
1203.15,585.61,74.83,108.32,31,990.99,67.46,48.25,419.78,2212.18,60.55,424.4,693.5,81.41,12.58,105.26,415,194.37,286.7,94.25,97.2,77.43,62.48,6050.75,18.23
1150.48,659,75.16,114.59,31,977.32,62.77,46.86,435.22,2152.38,61.45,422.92,772.61,81.48,12.58,112.07,405.43,210.57,345.34,97.54,97.2,75.74,78.05,5974.91,18.5
1110.28,563.7,77.45,117.57,31,1010.75,56.88,45.51,454.7,1953.62,61.07,424.59,780,81.6,12.58,121.77,422.11,221.89,463.41,100.49,93.96,80.37,83.96,5987.5,18.44
1125.42,461.6,77.46,121.39,31,998.07,61.48,46.91,436.65,1799.35,60.17,395.28,812.38,80.35,12.58,127.25,407.66,243.97,520.81,99.22,93.6,79.95,76.86,5777.79,18.17
1168.09,389.56,75.3,124.49,31,941.69,61.99,47.65,441.49,1857.87,58.48,376.43,931.82,76.95,12.58,131.17,397.06,259.97,493.82,92.73,93.6,79.74,71.06,5544.32,17.37
1203.18,350.73,74.03,127.94,31,1058.64,71.56,50.39,461.01,1927.34,57.99,375.25,930,76.52,12.58,130.1,389.64,240.68,467.02,101.89,91.8,79.11,73.93,5051.18,16.37
1172.76,316.91,69.69,127.17,31,1087.17,76.56,59.29,455.04,1951.07,55.5,388.36,945.45,79.32,12.58,129.77,389.88,221.22,450.47,100.31,91.8,76.38,83.55,4740.48,16.43
1116.91,350.76,64.41,124.01,31,1263.3,79.82,63.42,470.98,1858.25,55.16,389.89,1145.91,80.43,12.58,132.62,376.34,213.85,384,101.03,91.8,73.64,81.06,4376.05,15.8
1089.43,330.69,60.95,121.06,31,1290.47,75.05,60.05,472.12,1647,54.91,387.33,1150,81.76,12.58,130.9,386.07,210.71,378.13,105.77,91.44,70.69,73.32,4464.86,16.44
1040.02,368.27,63.85,119.84,31,1321.78,77.07,62.53,503.43,1632.57,54.91,373.16,1150,80.82,12.58,128.8,401.64,203.69,333.36,115.93,91.44,71.75,82.78,4642.27,15.09
1091.35,414.56,68.31,111.66,31,1359.51,80,62.95,554.24,1723.63,58.74,393.21,1150,79.84,12.58,129.47,460.38,199.19,304.66,121.23,91.44,67.54,76.23,5139.8,13.36
1170,532.64,74.62,109.84,31,1263.63,77.21,60.91,580.65,1807.07,67.94,395.87,1150,75.07,11.45,130.45,491.4,215.5,294.8,126.72,79.92,64.59,85.82,5584.05,14.17
1270.53,666.9,72.29,113.11,31,1226.59,82.16,62.25,576.66,1865.08,79.97,398.37,1150,75.08,11.45,130.23,484.45,215.5,303.4,123.65,79.92,66.7,98.6,5830.1,13.75
1287.7,505.62,68.29,122.03,29.5,1307.19,85.57,66.46,597.8,1913.17,81.77,393.37,958.26,78.96,11.45,131.23,451.09,207.21,310.5,120.11,79.92,66.49,76.59,5590.43,13.69
1277.29,496.04,66.89,119.19,29.5,1244,89.23,72.64,597.51,1881.37,83.25,378.37,940,84.75,11.45,130,440.42,199.56,362.2,113.42,80.64,65.43,73.46,5400.26,15.15
1321.05,375.77,68.55,108.44,31.4,1378.69,121.98,96.05,601.16,2144.5,86.04,389.78,905,87.33,11.45,126.59,475.86,203.92,345.5,110.6,80.64,65.43,69.62,6082.86,16.43
1402.36,250.51,67.78,101.26,33.6,1458.95,142.56,113.31,597.68,2363.09,86.2,396.97,870,88.75,11.45,127.03,524.48,195.31,344.6,112.08,80.64,69.85,70.65,6287.05,17.23
1491.95,446.17,64.32,99.39,33.1,1555.87,217.67,164.65,576.35,2447.24,82.02,401.81,870,90.45,11.45,126.11,579.05,202.82,332,98.73,84.6,72.17,68.31,6230.57,18.04
1457.07,407.38,66.16,99.78,33.1,1551.17,198.07,162.68,589.28,2409.75,76.94,409.34,870,89.76,11.45,119.62,570.57,192.88,358.8,96.16,84.6,74.69,58.72,5856.14,16.98
1571.09,438.41,72.27,100.16,33.1,1486.26,220.1,182.95,653.58,2504.84,75.29,418.1,870,93.77,11.45,119.79,612.95,193.86,300.06,97.61,84.6,75.74,53.28,6370.68,16.13
1694.26,323.8,80.14,96.38,33.1,1447.71,198.68,170.09,730.78,2546.02,73.88,430.6,870,93.67,11.45,123.61,640.64,187.33,291.5,96.11,87.84,71.96,54.7,6735.86,16.48
1885.89,296.87,83.98,99.28,33.1,1430.62,181.64,155.31,654.94,2803.55,76.91,412.67,829.09,93.04,11.45,122.83,679.32,212.3,279.4,95.61,87.84,68.38,56.76,7474.55,17.2
1878.38,537.38,86.49,100.95,36.1,1397.51,167.47,130.48,698.77,2980.7,86.38,412.64,770,91.14,11.45,120.51,634.38,188.58,273.1,102.56,87.84,67.96,60.71,8540.65,16.13
2059.36,358.25,85.45,97.76,37.1,1467.56,172.33,132.72,721.3,3003.26,94.78,445.36,770,90.12,12.27,120.62,664.81,211.77,249,106.9,93.24,71.12,53.46,9596.19,16.88
1905.45,580.09,85.77,98.47,37.6,1510.63,168.71,135.22,653.84,2870.45,99.96,467.28,770,91.42,12.27,117.56,577.8,211.56,252.4,106.98,93.24,74.48,54.76,8431.25,17.44
1799.98,397.79,90.83,93.77,38.35,1484.93,178.22,146.83,704.18,2919.67,110.47,480.2,774.78,97.95,12.27,117.12,582.04,226.36,285,109.63,93.24,79.95,54.71,7522.39,17.35
1849.44,385.81,93.4,88.45,37.1,1463.97,172.81,145.47,717.4,2894.89,113.22,482.68,779.75,102.32,12.27,115.26,605.78,198.82,302.81,109.64,96.84,80.37,58.56,7405,18.77
1765.48,393,100.79,82.02,38.77,1448.41,168.83,141.89,605,2771.57,115.85,476.59,777.83,99.61,12.27,111.99,595.88,204.31,289.28,111.93,96.84,78.06,59.72,7262.38,18.43
1775.8,368.9,105.77,79.9,40.77,1437.17,152.25,129.53,614,2987.68,104.36,478.94,812.73,92.43,12.27,112.19,610.27,191.87,280.59,120.01,96.84,81,58.63,7877.27,17.33
1867.28,535.41,112.97,76.61,41.05,1360.76,143.83,120.89,626.71,3076.45,95.98,539.09,818.1,85.71,12.27,107.85,622.4,169.01,261.63,127.31,99.7,76.16,51.57,8618,16.06
1890.05,520,104.87,78.53,40.88,1410.49,151.41,131.28,618.43,3040.14,84.65,532.67,791.3,82.46,12.27,105.72,623.39,173,241.36,126.3,99.7,69.85,55.13,8931.82,16.49
1761.72,520,104.82,81.5,40.93,1395.08,131.87,116.41,583.96,2910.43,91.1,542.87,800,82.43,12.27,105.07,591.25,192.87,223.52,130.51,99.7,70.48,58.57,8397.25,16.77
1671.95,433.21,112.7,84.58,40.97,1394.64,125.38,114.15,576.25,2810.07,91.53,552.42,898.18,82.2,12.27,113.4,639.39,176.04,233.86,140.82,101.7,72.17,63.4,8068.86,16.18
1655.93,440.92,125.76,88.99,39.59,1435.9,123.23,112.79,594.24,2981.62,89.29,614.51,924.55,77.96,12.27,117.15,710.5,186.45,230.96,143.21,96.84,71.75,71.6,8498.1,16.82
1657.82,407.85,125,87.43,39.35,1380.96,103.99,94.72,577.22,2918.21,88.43,645.04,882.86,73.05,12.27,114.98,728.03,184.01,241.78,148.19,96.84,72.59,96.21,8074.21,17.93
1584.48,413.37,124.93,86.26,39.37,1349.11,109.38,91.99,561.62,2605,85.91,694.66,852.17,73.56,12.97,116.22,709.88,219.61,234.29,156.67,96.48,75.53,105.63,7870.71,17.79
1594.57,590.84,123.31,83.05,39.28,1370.55,123.79,100.18,536.1,2544.67,86.79,705.54,835.24,75.13,12.97,114.95,768.43,195.34,246.43,164.71,96.48,80.16,138,8198.5,17.69
1614.86,500,124.47,79.32,39.01,1338.6,119.05,91.99,519.24,2563.35,83.23,664.02,829.05,77.99,12.97,118.49,816.7,215.41,253.01,170.96,96.48,79.11,105.19,8046.4,19.46
1587.4,605.17,132.69,81.5,39.33,1457.33,122.01,91.45,530.37,2594.17,83,637.9,811.36,84.66,12.97,134.95,812.03,152.68,252.48,189.03,96.84,80.37,81.05,8047,20.78
1593.86,535.72,137.79,81.31,38.2,1524.44,128.56,92.1,590.66,2658.76,82.89,603.71,813.91,87.56,12.97,146.12,840.98,203.38,262.49,204,96.84,80.37,80.67,8042.86,19.12
1485.75,484.58,138.14,77,38.2,1537.56,127.91,86.46,593.77,2177.6,83.13,597.14,800,82.15,12.97,153.45,796.58,208.97,255.85,196.64,96.84,79.74,89.68,7713.16,18.56
1460.02,425.05,133.09,77.68,38.4,1490.38,120.47,78.14,582.62,1983.93,79.84,577.42,803.48,89.64,12.97,151.62,783.78,203.98,259.69,197.62,96.84,79.74,92.12,7202.61,19.56
1466.79,405.65,115.01,80.23,38.35,1501.72,122.49,80.16,564.08,2017.86,76.71,565.35,793.18,96.09,12.97,151.21,816.17,213.16,263.48,186.82,96.84,81.42,73.51,7037.62,20.19
1405.76,396.39,103.4,78.68,38.1,1475.95,114.05,75.07,575.36,1935.07,75.36,605.67,797.14,98.91,12.97,154.71,794.26,203.12,258.69,145.24,96.84,80.16,65.94,7329.81,22.14
1336.02,375.45,102.41,81.42,37.6,1477.58,120.62,72.97,583.36,1960.2,75.43,626.68,806.96,101.51,12.97,159.64,741.07,226.49,252.67,128.61,105.84,85,81.81,7028.7,23.43
1451.05,426.59,99.99,82.17,35.7,1465.54,119.61,70.53,572.04,2215.43,75.91,643.81,794.76,89.97,12.97,170.23,720.29,218.14,252.9,117.14,105.84,92.79,110.89,6960.71,22.25
1500.98,476.2,100.76,83.01,35.35,1474.23,115.01,63.08,547.62,2264.6,78.29,629.31,784.09,90.69,12.97,173.95,689.36,188.59,233.76,116.84,105.84,90.89,137.32,6571.05,23.51
1575.14,668.51,98.97,81.48,35.23,1428.79,131.83,67.66,529.62,2427.27,79.77,608.18,756.52,90.02,13.04,174.17,691.52,229.64,240.56,118.7,108,90.26,118.05,7069.14,23.29
1582.05,787.29,97.73,85.33,34.6,1373.28,167.2,76.65,544.65,2406.63,80.4,602.29,750.75,93.49,13.04,159.21,657.89,213.22,233.72,121.75,106,92.58,76.84,7736.58,20.54
1631.18,766.57,99.75,93.36,34.5,1521.88,193.82,81.31,528.15,2420.18,80.63,592.71,800.48,99.46,13.04,153.98,693.55,207.82,237.35,127.86,99.36,86.47,68.13,7893.21,19.42
1561.11,607.73,97.87,90.99,35.4,1570.61,204.43,78.48,553.84,2389.32,78.82,584.81,883.18,98.68,13.04,150.19,641.61,202.2,240.16,124.71,98.28,78.27,72.38,7313.14,17.98
1625.45,414.36,100.07,86.5,35.73,1568.3,264.5,95.74,566.75,2513.3,79.26,589.35,955.45,89.44,13.04,149.42,617.85,181.16,252.18,118.61,98.28,78.48,79.8,7476,19.47
1567.19,468.92,94.94,80.11,34.5,1693.62,212.55,91.94,554.02,2611.29,80.51,610.62,930.95,81.57,13.04,150.74,614.05,193.02,264.85,112.58,98.28,77.01,79.31,7060,18.02
1591.59,457.87,91.66,81.73,35,1677.43,186.52,82.52,543.16,2449.2,81.18,627.37,909.57,80.11,13.04,151.48,633.5,195.72,254.33,106.42,93.6,73.64,78.26,6832.74,18.45
1710.03,408.84,91.3,82.82,36.93,1649.19,185.17,76.92,501.85,2250.1,81.21,656.29,906.67,83.9,13.04,144.47,607.38,174.47,245.37,111.95,93.6,72.17,87.91,6764.45,18.79
1611.62,449.59,92.51,80.47,37.15,1765.58,184.38,77.43,527.88,2104.31,79.64,679.52,914.55,84.54,13.04,140.36,632.88,166.01,232.62,112.24,93.6,73.64,102.62,6498.29,18.73
1607.33,381.22,102.71,79.72,37.15,1741.1,161.45,76.9,575.82,2050.7,77.75,696.66,943.91,86.35,13.04,143.05,598.2,158.19,227.36,120.24,88.2,73.64,110.17,6373.48,20.12
1598.32,435.08,102.27,83.24,33.6,1696.37,154.15,78.2,686.91,1918.5,77.22,742.33,895,89.18,13.04,148,562.6,151.76,213.73,117.4,88.2,76.38,105.56,6137.25,19.16
1530.52,424.72,97.08,84.28,31.4,1738.75,174.25,84.65,641.34,1761.45,74.35,761.33,843.48,82.29,13.04,138.32,525.74,150.45,210.67,113.6,88.2,77.01,83.79,5942.38,17.24
1485.47,453.04,95.77,82.87,31.4,1670.67,175.04,86.03,629.61,1687.6,72.14,755.77,807.27,66.79,13.41,130.02,530.65,157.44,197.1,114.37,89.64,72.8,75.93,5489,15.07
1465.18,438.54,91.49,82.09,33.44,1643.23,175.87,85.79,645.92,1664,68.84,754.4,770,77.62,13.41,126.56,515.63,162.51,202.5,113.62,89.64,62.7,79.61,5367.25,14.18
1438.32,455.8,93.04,81.68,31.88,1721.06,154.82,84.67,647.81,1747.16,68.43,741.7,744.09,82.61,13.41,123.25,558.98,153.96,195.47,113.84,89.64,59.12,80.03,5397.05,13.24
1417.55,780.39,91.85,81.74,31.18,1720.16,147.08,90.6,665.44,1800.13,65.7,743.83,740,83.77,13.41,121.12,571.78,165.28,168.95,106.69,85.32,54.91,88.27,5391,13.39
1364.32,679.56,93.01,80.4,30.28,1781.41,134.35,92.64,661.6,1731.66,64.36,732.55,739.52,85.03,13.41,115.01,542.74,155.38,149.08,105.97,85.32,56.18,77.54,5016.84,13.97
1305.52,659.53,91.57,77.48,30,1723.35,121.56,84.55,650.02,1656.6,68.94,727.63,803.18,83.2,13.41,105.58,526.48,160.26,132.94,101.75,85.32,55.97,77.22,4456.9,12.48
1312.67,457.18,85.2,75.94,30,1712.24,113.86,78.4,608.11,1655.67,69.86,706.68,892.61,81.09,13.41,103.51,543.64,141.85,134.83,100.9,79.56,54.07,78.91,4332.62,12.72
1310.55,353.94,73.2,76.12,26.2,1682.5,119.89,79.98,588.9,1619.93,68.18,708.88,946.19,81.11,13.41,103.43,526.85,173.47,136.94,88.36,79.56,54.07,66.82,4078,12.49
1341.89,355.32,73.12,75.05,27.09,1685.86,108.07,80.88,609.95,1646.77,66.39,726.89,841.36,75.39,13.41,116.53,519.45,164.56,150.19,85.71,79.56,55.76,70.63,4100.91,13.8
1303.7,333.7,74.74,74.26,27.1,1647.52,107.07,80.36,635.47,1585.5,61.46,707.25,752.27,68.27,13.41,121.3,493.2,166.64,164.43,95.49,68.76,58.07,69.31,3870.45,13.26
1295.3,561.46,79.26,75.57,26.1,1599.91,115.14,80.4,609.82,1573.72,56.08,653.71,754.76,67.41,13.41,114.5,493.02,154.93,159.45,97.38,68.76,56.18,75.7,4117.25,11.88
1250.39,377.76,78.39,76.35,26.1,1524.12,116.03,82.82,613.05,1475.76,56,548.67,750,68.03,13.41,111.35,500.61,152.94,162.45,95.32,68.76,55.55,61.98,3865.76,10.41
1219.4,489.78,77.71,77.6,26.1,1455.79,111.48,81.65,571.28,1432,55.78,528.17,734.29,69.15,11.93,110.05,491.63,157.61,176.22,97.45,64.4,55.55,66.43,4264,11.32
1186.48,447.86,75.31,81.83,26.1,1411.14,103.24,77.73,499.91,1412.95,56.19,508.74,704,69.84,11.93,108.86,512.95,163.2,177.12,94.56,64.4,54.07,63.96,4623.25,10.75
1179.86,448.9,75.2,81.5,26.1,1313.89,103.23,72.7,430.99,1378.48,56.71,434.31,712.61,70.76,11.93,108.38,506.8,163.34,172.52,96.43,64.4,54.91,63.88,5002.95,12.86
1277.85,417.13,79.73,79.11,26.1,1177.89,99.69,68.89,439.59,1463.73,57.74,402.13,717.27,67.17,11.93,108.8,517.08,161.84,175.1,94.04,60.12,56.39,75.96,5054.75,15.73
1323.13,331.49,81.53,79.85,26.1,1059.24,108.91,68.17,444.23,1510.45,59.9,385.72,757.14,65.98,11.93,112.03,540.71,167.4,176.52,92.72,60.12,63.54,81.34,5395.79,16.12
1315.52,284.88,80.54,79.93,26.1,1162.91,104.21,66.2,413.29,1422.16,58.5,381.18,804.09,66.76,11.93,111.46,495.45,161.32,183.55,92.95,60.12,67.12,83.09,5194.77,16.24
1403.36,343.92,76.86,81.6,26.1,1113.24,90.85,62.28,398.16,1639.18,54.41,393.63,798.64,68.08,11.93,114.66,495.11,157.21,186.08,83.6,62.28,67.96,82.77,5696.36,18.75
1421.69,352.21,75.15,88.33,26.1,1003.57,87.64,63.76,366.4,1646.74,50.98,408.96,749.55,72.36,11.93,123.21,502.24,159.37,198.44,86.38,62.28,74.06,100.31,6431.43,20.21
1492.07,353.94,71.44,86.48,26.1,1060.56,81.06,60.44,449.56,1749.68,49.48,430.42,766.82,77.76,11.93,119.47,506.5,158.89,202.49,87.12,62.28,80.58,93.52,7029.09,22.37
1473.33,328.73,72.29,84.64,25.6,1021.54,92.2,59.25,397.68,1723.29,47.43,432.83,769.05,80.45,11.93,124.57,496.4,173.95,198.25,85.65,73.4,87.11,96.83,7317.62,22.19
1472.43,333.22,73.14,87.93,25.1,922.08,114.02,64.37,368.51,1726.77,46.21,437.55,819.09,79.64,11.93,123.55,477.57,170.76,198.59,85.41,73.4,89.42,83.99,7946.82,24.22
1554.74,354.97,72.36,88.88,25.1,918.75,123.56,66.4,364.66,1764.88,44.2,453.7,819.13,77.86,11.93,124.79,478.74,179.66,199.41,87.22,73.4,93.21,84.69,8073.24,25.01
1679.85,483.43,73.13,88.2,25.1,918.48,109.17,53.62,366.05,1843.85,47.43,452.22,780.95,76.28,12.45,128.24,471.88,177.31,193.08,92.95,110,95.52,86.5,8315.25,25.21
1679.43,580.11,73.36,89.05,25.1,860.74,101.65,49.62,350.41,1807.03,53.44,448.56,823.81,75.88,12.45,122.51,453.25,178.18,184.37,95.08,110,96.36,95.67,9583.75,27.15
1579.64,419.89,74.4,90.46,25.1,925.93,97.95,47.17,353.87,1739.8,57.3,434.75,794.78,77.9,12.45,123.47,441.84,177.67,190.85,95.17,110,104.15,100.14,10255.4,27.49
1458.75,481.7,76.95,90.05,25.1,911.95,92.56,45.23,373.66,1681.91,58.77,423.79,808,78.67,12.45,110.47,423.02,182.67,192.14,95.54,116.64,106.88,109.27,9746.5,23.45
1468.07,414.79,78.26,90.9,25.6,909.42,91.76,45.19,356.05,1785.1,60.5,417.21,805.22,79.24,12.45,105.84,412.61,181.06,191.61,95.53,116.64,96.36,129.22,10122.91,27.23
1509.37,412.98,78.48,88.06,25.6,948.23,84.1,43.72,358.92,1752.07,59.47,452.82,785.45,75.06,12.45,104.36,419.55,181.43,194.48,84.04,116.64,108.15,154.34,8384.32,29.62
1564.38,307.81,78.68,86.93,25.6,967.11,84.67,41.96,343.93,1803.14,58.39,471.25,765.24,77.52,12.45,102.31,453.1,174.28,191.54,75.06,129.24,113.2,143.62,8174.81,28.16
1530.33,347.11,75.13,86.39,25.6,877.79,74.52,38.94,345.65,1857.12,60.89,461.6,763.91,81.61,12.45,104.51,472.57,183.16,191.17,75.24,129.24,115.93,159.35,8038.43,29.41
1602.31,426.86,73.21,82.69,27.15,882.73,73.83,39.47,332.81,1961.89,61.64,462.45,772.38,85.44,12.45,109.1,488.05,191.6,193.6,80.15,129.24,116.98,182.32,8624.81,32.08
1501.25,378.58,76.15,82.88,27.15,877.72,75.37,36.55,323.71,1894.37,60.89,457.12,744.55,85.41,12.45,113.14,484.79,175.61,189.51,84.71,141.48,124.56,180.77,7650.64,31.4
1475.55,370.73,82.46,89.72,27.15,873.99,70.47,33.34,315.1,1795.6,63.98,450.26,781.82,84.43,12.45,112.48,465.88,188.41,188.12,88.94,141.48,123.29,198.79,7350.59,32.33
1569.06,443.3,86.6,88.15,30.75,892.78,64.5,31.07,334.72,1852.4,65.86,493.05,800,85.25,12.45,117.83,463.53,177.94,180.28,96.22,141.48,120.35,320.89,7318.8,25.28
1619.88,532.67,85.75,87.81,32.1,966.39,64.98,32.97,342.98,1787.06,64.18,500.77,808.7,85.32,12.99,122.87,478.54,178.86,171.76,94.3,151.92,104.78,294.22,6975.91,25.95
1607.03,681.28,82.31,87.56,32.1,1157.47,66.94,31.97,331.48,1766.13,60.44,513.14,800,84.49,12.99,123.6,501.71,170.31,173.2,92.38,151.92,98.05,199.86,6546.8,27.24
1512.17,555,83.07,91.06,32.6,1124.41,65.93,30.96,351.18,1742.16,54.56,497.36,788.64,93.27,12.99,137.77,498.85,159.95,166.15,91.01,151.92,102.04,186.4,6165.18,25.02
1499.48,532.1,84.72,90.11,33.5,1083.66,65.51,28.62,361.56,1665.97,51.16,481,748.57,101.32,12.99,131.91,477.59,158.44,162.59,87.55,153.36,100.78,186.57,6363.11,25.66
1542.39,638.36,89.73,91.49,33.8,1077.44,68.94,29.71,370.56,1684.85,49.97,479.31,740,102.29,12.99,130.05,466.08,157.93,164.3,85.08,153.36,104.15,151.02,7086.48,27.55
1470.83,610.37,95.06,94.45,33.9,973.29,63.67,29.32,361.51,1610.47,47.46,508.93,736.19,97.53,12.99,124.57,444.73,156.63,164.53,83.16,153.36,107.51,134.18,6674.33,26.97
1418.62,700.97,101.98,98.45,34,965.32,58.47,27.59,371.84,1526.77,45.55,525.21,760.91,87.89,12.99,118.64,462.15,154.69,162.04,90.75,136.08,106.25,111.86,5962.55,24.8
1377.85,682.2,99.39,101.8,33.8,1032.48,59.68,25.86,435.41,1466.41,43.33,545.5,771.3,76.94,12.99,129.59,483.63,157.23,159.87,92.88,136.08,99.52,106.36,5525.64,25.81
1346,583.56,99.61,107.25,32.8,1026.2,57.71,23.79,444.65,1427.7,41.26,549.33,750,73.06,12.99,138.24,464.81,160.37,156.38,89.74,136.08,97.42,78.86,5057.65,25.03
1283.53,486.79,101.79,103.39,32.4,1084.86,56.53,21.26,441.27,1377.38,37.22,555.81,715.65,70.88,12.99,135.1,468.58,144.92,151.27,86.27,116.64,97.84,88.94,4830.78,20.73
1334.45,494.1,100.97,104.28,29.4,1231.55,58.96,22.03,432.43,1434.29,37.96,585.28,719.09,72.88,12.99,134.69,486.71,152.06,146.49,89.88,116.64,83.11,84.8,5131.32,18.69
1348.72,518.94,102.86,100.83,27.35,1337.43,55.6,23.76,457.68,1472.85,42.87,618.96,700,69.34,12.99,135.94,482.91,141.31,139.91,92.31,115.87,77.43,87.23,5315.82,18.52
1371.36,429.38,99.27,101.05,29.1,1385.93,57.34,22.88,444.03,1508.23,43.42,621.83,700,68.35,12.68,138.15,511.09,144.77,133.84,91.97,100.44,75.11,81.29,6061.36,19.15
1371.08,511.05,99.01,102.95,29.85,1490.39,60.51,24.46,433.86,1561.37,42.81,633.4,700,72.24,12.68,137.12,480.93,140.23,136.04,90.73,100.44,76.59,83.18,6039.95,19.98
1404.99,571.23,98.95,109.03,29.55,1592.03,66.38,29.77,409.65,1607.39,42.04,633.5,676.67,80.3,12.68,137.39,480.68,144.32,143.02,89.86,100.44,77.64,109.13,6543.2,23.64
1370.39,570.38,95.82,103.74,28.84,1568.15,65.78,30.35,411.14,1588.57,41.38,646.64,618.18,83.69,12.68,137.77,472.09,150.49,144.11,87.11,92.16,85.63,123.4,6956.81,25.43
1344.43,631.46,97.55,96.47,28.63,1604.7,58.43,29.43,410.06,1597.02,39.89,661.87,586.09,84.14,12.68,141.06,450.39,141.19,149.08,90.33,92.16,93.42,126.16,6771.18,25.69
1356.93,643.99,104.11,93.89,26.65,1656.46,55.16,29.26,438.49,1650.59,43.48,644.25,601,86.98,12.68,143.31,439.98,133.29,163.48,93.17,92.16,95.31,116.1,7147.61,24.49
1337.87,545.58,114.23,96.9,24.9,1872,53.09,29.31,469.19,1588.28,46.7,652.11,605.65,84.39,12.68,150.81,446.03,149.62,172.56,99.7,90.72,121.19,107.64,7137.7,25.75
1293.36,420.02,120.99,95.73,24,1959.27,52.02,28.74,482.34,1482.92,49.32,650.15,629.55,85.63,12.68,148.75,424.33,146.05,182.11,109.89,90.72,95.1,111.14,6736.86,26.78
1301.7,492.63,119.75,92.56,24.45,2167.41,57.58,33.31,539.45,1478.93,48.98,662.55,650,85.74,12.68,150.45,420.54,149.13,180.96,113.94,91.17,97.42,127.91,6664.95,28.28
1311.46,550.08,120.61,86.97,26.25,2201.5,64.05,34.44,523.23,1486.17,49.56,654.82,650,85.7,12.68,154.82,418.25,147.6,178.95,109.65,100.08,100.15,148.79,6818.91,27.53
1373.27,399.57,120.13,81.56,26.25,1825.06,70.18,39.35,565.3,1581.04,52.33,650.13,693.81,81.21,12.68,154.96,441.44,156.65,181.33,108.65,100.08,100.99,146.24,7314.81,24.79
1375.86,565.98,117.19,84,26.25,2025.61,63.86,38.52,623.45,1592.96,55.22,635.42,748.18,70.62,12.68,157.94,441.21,147.69,183.37,107.01,101.29,99.1,170.91,7206.33,27.89
1379.29,560.59,113.7,85.35,26.68,2190.14,65.22,42.75,620.67,1650.31,56.71,641.65,775.22,69.8,13.82,162.69,444.85,143.16,187.41,105.75,113.4,105.41,196.31,8032.91,30.77
1421.56,462.71,114.15,83.75,26.95,2230.35,67.6,42.35,622.98,1682.15,58.55,637.82,780,70.93,13.82,159.7,474.53,150.49,187.32,106.04,113.4,111.72,277.28,8607.95,32.88
1386.55,480.47,113.65,83.88,26.14,1989.84,61.66,38.36,554.02,1655.69,61.01,632.28,780,70.11,13.82,153.1,454.73,145.69,184.15,105.06,114.13,114.46,213.99,8339.71,30.36
1334.32,384.23,114.59,82.63,25.13,1932.14,65.32,38.67,580.89,1587.87,60.78,622.2,780,67.97,13.82,149.04,438.03,151.94,180.45,105.25,128.8,108.99,189.96,7930.6,25.49
1400.42,290.37,115.5,79.3,24.96,1729.21,66.18,38.82,621.58,1651.1,57.8,640.06,829.09,63.55,13.82,157.01,462.35,145.89,183.17,107.82,128.8,102.46,209.28,8347.75,26.06
1410.54,310.44,111.48,78.25,25.82,1579.11,61.34,35.33,632.69,1685.11,58.5,672.42,870,61.28,13.82,165.93,467.67,146.8,182.34,106.99,128.88,98.89,210.71,8839.05,27.91
1440.9,296.36,96.62,81,26.09,1556.87,62.29,36.67,611,1712.83,60.19,668.62,906.52,63.84,13.82,152.41,513.34,142.07,181.67,97.61,129.96,98.26,180.98,8831.78,28.59
1457.24,277.56,88.07,91.13,27.13,1565.55,63.6,37.92,573.9,1756.73,60.5,656.84,910,68.52,13.82,157.42,493.78,150.47,181.46,100.31,129.96,99.94,179.5,9359.9,29.68
1416.6,312.97,90.63,97,28.61,1625.39,65.51,38.75,547.68,1789.67,64.18,645.36,910,71.15,13.82,167.16,520.98,134.3,187.19,103.22,129.96,103.73,166.35,9995.82,26.88
1477.25,326.99,95.7,98.4,29.46,1481.68,62.58,37.32,595.08,1925.58,72.56,643.64,910,70.5,13.82,165.75,587.46,152.32,196.77,104.17,129.6,101.41,166.82,11040.35,29.01
1511.6,428.18,101.75,110.75,32.05,1510.01,62.36,36.05,641.81,2053.28,76.94,670.87,910,70.75,13.82,160.81,622.67,144.4,197.46,108.03,129.6,106.25,161.7,12052.4,29.12
1557.78,371.43,100.77,105.4,36.43,1646.58,64.88,37.6,640.64,2202.04,73.59,670.59,910,71.23,13.82,166.72,690.11,139.3,196.44,111.98,129.6,106.04,221.04,14185.21,29.95
1608.89,435.71,98.55,107.06,40.45,1626.4,73.73,41.14,688.63,2421.48,76.24,711.99,910,72.44,16.39,164.66,753.56,160.5,199.06,115.09,122.04,108.15,221.42,15089.33,31.4
1685.23,497.24,95.57,99.5,44.73,1566.09,77.51,39.1,683.49,2751.72,73.92,733.62,910,69.54,16.39,163.21,885.15,172.77,199,122.91,122.04,109.41,193.55,15099.35,31.32
1657.35,512.25,103.03,97.25,52.43,1504.43,77.47,38.67,696.37,3000.28,72.28,729.21,910,67.28,16.39,160.47,878.14,159.41,195.2,128.43,122.04,111.3,194.26,13786.54,33.67
1731.68,530.2,112.53,102.1,57.05,1435.67,74.34,38.06,661.68,2926.98,69.44,713.13,910,63.66,16.39,159.11,747.03,176.76,197.96,133.39,125.28,115.72,205.75,12725.9,33.71
1625.27,558.41,111.56,114.63,60.47,1413.04,75.81,37.93,742.96,2728.46,70.04,704.23,910,62.94,16.39,158.19,804.1,177.86,188.43,129.3,125.28,115.09,228.06,11228.61,37.63
1682.04,596.43,114.05,116.75,63.8,1404.71,82.16,41.04,749.29,2689.05,64.63,679.41,910,65.1,16.39,164.21,863.73,175.41,198.62,123.23,125.28,123.72,225.62,13599.36,35.54
1707.87,602.71,103.97,120.3,65.76,1567.86,73.96,36.71,876.53,2816.8,57.02,666.62,910,67.66,16.39,167.86,931.34,180.9,200.45,104.48,137.16,120.56,213.65,15020.07,37.93
1692.1,557.51,87.77,126.75,63.48,1727.33,73.17,34.93,722.35,2844.2,53.47,663.68,910,68.87,16.39,164.93,916.62,184.6,198.65,104.04,137.16,124.14,194.68,13639.62,42.08
1731.02,520.47,85.37,127.88,59.33,1541.14,80.99,35.03,711.72,2903.17,56.68,663.5,910,68.2,16.39,163.31,932.16,180.48,199.27,97.76,137.16,135.5,186.02,13430.36,41.65
1830.37,492.63,87.89,119.5,60.67,1483.8,79.81,31.75,651.96,3009.4,52.52,667.14,910,67.22,16.39,168.81,932.86,171.62,197.96,93.37,156.24,140.13,229.63,14378.48,46.87
1817.35,497.24,95.53,118.38,56.6,1665.71,89.51,34.02,671.38,3130.31,49.24,691.63,910,66.5,16.39,172.32,966.31,170.98,202.13,93.75,156.24,146.02,222.73,14089.51,42.23
1852.92,497.24,92.04,116.8,55.98,1672.75,102.57,38.96,702.05,3139.79,48.6,690.63,910,66.09,16.39,182.1,972.34,172.9,190.35,95.59,156.24,137.6,236.95,13764.98,39.09
1836.21,588.99,90.71,115.25,56.83,1549.89,107.11,39.63,744.1,3168.1,51.26,700.23,910,65.84,28.11,181.61,954.23,184.31,191.43,95.98,182.16,122.45,221.47,14563.75,42.89
1882.8,890.19,87.38,117.38,53.46,1719.46,122.23,44.61,728.62,3247.1,52.17,707.86,910,66.01,28.11,174.78,972.98,179.08,191.02,94.36,182.16,128.34,220.98,15415.6,44.56
1987.52,817.02,94.17,120,54.56,1763.91,134.69,50.66,716.53,3378.9,56.24,714.03,910,65.83,28.11,171.85,1001.69,179.16,193.65,99.94,182.16,135.92,239.4,16239.9,50.93
1892.01,594.25,93.33,118.2,54.91,1585.95,128.79,53.28,714.29,3389.81,56.95,710.51,800.48,64.6,28.11,167.5,980.48,183.79,194.15,96.39,198.36,148.12,258.33,16138.33,50.64
1741.45,613.39,88.89,121.45,54.98,1509.46,126.16,58.51,681.71,3241.9,55.84,695.98,758.18,64.5,28.11,164.53,985.29,171.36,202.52,95.27,198.36,151.91,233.06,17002.25,47.81
1731.94,500.06,93.44,120.33,54.64,1538.63,119.98,62.92,678.42,3529.73,53.99,682.06,727.27,65.6,28.11,159.83,982.65,179.02,203.12,97.56,198.36,137.81,258.64,16113.18,53.89
1783.26,403.84,96.81,122.6,54.54,1488.32,108.45,60.57,652.96,3608.48,54.97,656.46,713.33,66.26,28.11,154.42,857.52,182.64,205.53,105.6,220.68,148.54,275.24,14587.6,56.37
1871.27,399.17,98,120,52.63,1482.23,108.43,55.6,701.2,3791.91,54.07,784.54,700,66.22,28.11,154.22,887.42,184.32,211.94,98.64,220.68,151.91,342.89,14962,61.87
1837.69,585.32,97.89,120.3,48.48,1504.16,98.17,50.07,708.89,3850.66,54.95,783.29,700,65.68,28.11,155.13,932.77,185.04,216.8,96.99,220.68,162.22,446.98,14154.55,61.65
1934.14,489.34,98.53,116.5,45.49,1453.83,106.09,50.84,774.26,4056.17,58.24,817.1,700,65.33,28.11,150.35,999.4,181.81,211.27,101.5,250.56,168.53,490.82,12431.12,58.19
2056.97,471.5,98.76,117.25,40.78,1428.78,108.81,54.72,780.89,4278.16,56.83,823.44,700,65.9,28.11,148.23,1017.84,181.24,205.47,95.97,250.56,170.63,370.82,12235.05,54.98
2250.9,568.18,103.01,115.5,40.96,1511.32,103.03,59.01,769.72,4577.03,56.53,855.24,700,65.91,28.11,148.57,1120.15,186.74,210.52,102.66,250.56,149.17,469.77,13490.45,56.47
2383.3,624.69,103.6,113.63,46.27,1576.23,124.36,66.45,784.24,4743.86,59.01,910.33,710.45,65.6,33.45,149.23,1258.14,186.05,221,102.7,275.76,154.43,312.66,14660.81,62.36
2453.38,871.55,101.13,114.75,51.11,1546.37,118.52,65.46,791.92,4974.98,60.75,909.04,720,66.1,33.45,146.35,1267.44,183.81,222.54,106.92,275.76,166.01,270.91,14974.5,59.71
2432.48,880.67,100.38,111.9,53.3,1545.05,112.2,62.92,784.54,5123.67,58.62,906.58,720,66.86,33.45,140.51,1193.89,193.49,225.16,104.89,275.76,166.43,247.68,14925.48,60.93
2623.86,669.89,102.12,112.58,56.65,1552.34,114.71,64.46,830.28,6404.44,57.18,918.24,720,67.59,33.45,141.22,1170.56,205.17,229.39,107.82,293.04,164.32,258.06,18028.89,68
2852.07,946.13,107.48,112.5,56.36,1594.3,107.96,63.97,880.61,8059.19,55.41,970.83,754.78,69.04,33.45,148.52,1167.5,193.15,244.17,110.57,293.04,180.1,224.87,21131.33,68.61
2490.95,713.84,106.88,111.7,56.12,1605.78,101.21,64.14,888.57,7222.77,56.42,958.62,802.73,69.45,33.45,150.16,963.61,185.69,238.46,109.55,293.04,181.79,223.33,20585.91,68.29
2511.83,585.04,112.1,115.13,56.52,1673.21,102.77,68.66,852.1,7726.74,56.73,959.07,845.24,68.79,33.45,155.95,1053.26,193.33,236.12,114.24,302.4,179.05,222.23,26185.71,72.51
2461.55,546.18,114.53,117.63,54.58,1612.94,112.13,75.73,900.99,7690.25,59.85,1251.38,893.91,68.96,33.45,169.68,1179.32,176.61,240.03,115.21,302.4,176.1,256.77,30468.86,71.81
2484.38,544.92,115.44,117.5,50.46,1566.34,109.36,77.88,850.7,7622.64,58.82,1296.63,931.43,69.81,33.45,164.91,1346.53,193.46,246.47,120.26,302.4,185.78,176.29,29702.62,61.97
2657.15,552.17,136.6,117.88,47.2,1530.17,110.91,76.26,838.11,7497.41,57.03,1263.01,940,69.68,33.45,155.78,1525.66,182.19,245.32,142.17,311.4,167.06,210.37,32551.14,57.95
2702.14,602.71,148.15,121.25,49.29,1582.54,123.57,79.67,894.68,7029.3,57.4,1262.59,947.73,71.58,33.45,158.17,1626.02,179.94,256.02,164.08,311.4,157.8,266.76,31891.59,58.13
2823.67,656.41,150.97,121.2,53.3,1702.16,129.95,77.75,919.08,6680.97,59.43,1285.02,960,73.71,33.45,162.78,1709.16,171.15,268.46,160.66,311.4,153.38,242.26,34400.53,61
2799.06,640.16,152.13,119.25,54.95,1701.93,124.46,80.55,915.02,5689.34,59.05,1258.73,996.96,75.88,36.63,159.32,1664.34,167.76,262.27,165.1,302.04,161.17,235.05,36821.59,53.4
2839.05,658.84,151.03,118.38,56.68,1811.15,122.34,80.97,864.93,5718.15,57.89,1252.39,1000,77.7,36.63,155.38,1775.08,165.12,262.56,177.35,302.04,150.86,288.17,41078.25,57.58
2757.08,646.66,157.06,118.4,59.34,1924.2,116.61,78.88,854.86,6465.3,58.41,1268.87,1000,77.65,36.63,154.24,1908.98,151.27,269.66,169.52,302.04,154.85,255.96,46125.23,60.6
2817.05,647.2,157.12,117.63,60.13,2034.25,114.59,81.64,835.79,7753.34,57.18,1289.38,1000,77.87,36.63,157.18,1984.16,163.04,266.04,152.58,281.88,162.43,273.57,49956.58,65.1
2804.6,691.81,161.69,116.63,60,2011.13,112.52,86.28,858.9,7677.95,55.57,1266.92,1013.04,76.81,36.63,157.32,2106,158.72,261.95,156.44,281.88,172.74,275.06,51783.33,65.1
2681.31,778.74,184.45,119,66,2013.04,118.67,94.76,903.5,7514.24,60.44,1254.15,1095.24,73.26,36.63,159.24,2436.64,148.6,257.91,164.5,281.88,178.42,264.5,41551.67,68.19
2738.09,735.18,177.91,117.5,72.12,2151.67,116.8,93.47,939.4,7980.93,67.81,1212.95,1159.09,67.67,36.63,165.72,3072.43,146.32,263.05,147.13,280.44,172.95,224.02,33400.23,73.67
2512.6,696.01,158.88,118.4,74.3,1902.09,123.63,88.4,1006.75,7500.2,66.62,1148.05,1200,67.09,36.63,164.31,3115.19,149.87,270.93,151.01,280.44,181.15,223.87,27649.64,70.13
2394.96,666.44,184.66,118.25,73.33,1944.01,128.04,93.61,1078.89,7671.35,68.21,1109.22,1200,68.27,36.63,163.76,3228.03,161.27,274.96,160.05,280.44,179.89,218.48,29548.4,76.91
2444.53,659.98,197.11,115.88,80.15,1916.67,134.57,97.45,1093.15,8020.59,68.93,1054,1282.61,66.76,36.63,167.72,3722.61,143.4,271.68,164.09,308.16,192.73,242.48,31156,82.15
2507.15,653.57,187.61,117.66,90.64,1967.31,130.33,92.2,1325.49,6957.43,69.71,1031.14,1513.64,68.3,36.63,170.4,3319.91,135.16,279.41,171.06,308.16,200.3,255.8,30505.64,91.27
2382.83,648.51,198.93,119.5,97.5,2119.88,136.47,91.37,1465.58,6630.74,69.59,1079.68,1669.05,68.4,36.63,165.92,2616.08,124.59,275.34,180.25,308.16,216.08,256.56,26053.56,89.43
2456.13,679.8,205.61,121.33,98.3,2216.38,139.05,100.74,1491.61,7078.91,73.25,1114.49,1700,65.47,60.8,161.18,2621.78,137.75,287.08,206.53,369.72,220.92,287.38,27774.77,90.82
2784.89,790.58,216.54,127.7,141.43,2522.83,158.21,117.23,1479.24,7941.14,75.05,1140.39,1700,65.35,60.8,173.38,3089.61,130.78,288.4,219.95,369.72,226.18,307.61,28064.95,93.75
3012.05,1027.36,228.66,106.7,126.7,2647.64,148.07,122.44,1640.5,8434.32,80.18,1169.75,1700,65.83,60.8,178.74,3012.93,135.11,304.85,233.85,369.72,223.66,338.79,31093.05,101.84
2968.03,969.99,237.24,103.75,131.79,2631.23,137.74,111.86,1564.06,8714.18,75.41,1184.37,1665.91,67.36,60.8,183.69,2834.88,135.71,291.76,246.67,428.4,241.54,366.49,28776.82,109.05
2908.28,927.93,238.31,124.2,142.71,2693.41,139.74,109.79,1580.45,8356.13,74.12,1191.92,1650,67.26,60.8,186.59,2216.09,144.83,282.97,243.46,428.4,258.79,405.63,25656.5,122.77
2967.87,839.78,240.98,129.5,171.16,3021.76,144.08,112.04,1639.55,8292,77.04,1208.78,1650,67.43,60.8,185.14,1860.51,152.37,272.29,287.11,428.4,280.04,456.57,22562.57,131.52
3067.46,725.14,248.31,133,192.86,2953.67,145.35,115.03,1736.46,8407.02,77.29,1265.05,1619.57,68.15,60.8,184.13,1960.04,143.25,275.76,266.94,516.96,296.24,399.17,20106.96,132.55
2762.56,801.1,212.32,135.5,169.71,2796.8,145.77,113.43,1467.67,7633.8,78.04,1240.64,1599.05,68.95,60.8,177.66,1902.85,146.58,272.95,235.16,516.96,290.56,297.05,19111.8,114.57
2524.15,806.63,189.43,129.4,160.71,2672.05,140.56,106.67,1352.99,6975.11,73.59,1223.44,1572.73,68.22,60.8,170.13,1872.31,145.16,284.47,233.91,516.96,265.1,274.36,17781.86,99.29
2122.03,808.01,144,115.92,115.71,2251.23,121.41,88.91,1149.9,4894.89,62.3,1101.43,1470,68.15,60.8,162.1,1494.26,169.06,304.45,182.96,576.72,276.68,242.5,12144.87,72.69
1857.13,904.7,130.16,115,98.84,2046.08,120.44,92.92,1074.19,3729.19,55.06,1049.74,1268,61.53,60.8,145.13,1286.43,167.18,315.97,164.27,576.72,191.46,241.09,10776.5,54.04
1504.42,842.54,114.16,111.25,84.27,2420.04,116.97,83.82,907.9,3105.1,55.47,1032.27,1217.39,35.6,69.98,140.81,968.17,160.09,326.62,158.16,576.72,155.28,210.1,9846.93,41.53
1420.36,814.92,121.61,114.13,85.71,2608.89,128.03,85.77,840.72,3260.36,57.7,1037.3,1154.09,38.06,72.51,137.4,1144.9,145.27,329.65,173.24,576.72,126.87,188.39,11562.95,43.91
1338.06,921.96,112.57,107.13,80.76,2660.47,128.51,81.47,767.78,3328.41,55.21,1046.77,984,34.79,75.59,133.92,1099.63,168.55,322.45,163.13,520.92,122.66,161.54,10410.75,41.76
1338.08,906.08,114.94,112.38,65.36,2493.98,127.76,77.48,731.63,3770.88,51.5,1054.07,900,28.59,64.07,131.97,1246.52,147.09,288.57,164.52,412.92,131.5,142.49,9710.73,46.95
1431.81,897.79,111.02,115.5,68.1,2541.7,134.58,76.5,802.12,4436.93,56.78,1055.71,900,28.99,59.78,139.44,1393.91,142.86,283.13,168.72,309.6,136.13,125.81,11331.6,50.28
1464.42,852.9,129.39,119.6,69.11,2554.6,147.64,77.05,901.37,4594.9,61.95,1117.44,916.67,30.47,62.69,143.13,1449.67,132.06,291.06,180.31,309.6,142.86,137.94,12763.36,58.1
1586.34,850.83,148.68,122.13,76.48,2699.61,144.46,75.65,910.48,5013.3,61.39,1164.08,957.73,37.38,71.66,153.37,1668.19,133.73,279.25,178.83,309.6,146.65,136.68,14961.95,69.13
1674.33,828.73,139.96,124,79.07,2805.48,137.6,74.82,857.4,5240.83,64.8,1222.51,966.09,48.31,83.95,154.13,1674.51,132.6,281.42,151.76,244.44,169.37,121.97,16024.5,64.65
1927.64,835.64,122.3,124,77.68,2956.66,146.87,75.04,875.75,6176.88,64.26,1295.4,980,57.85,97.67,155.77,1893.04,126.58,276.62,152.01,222.48,178.42,113.01,19375.93,71.63
1835.6,818.37,103.53,124.13,72.47,3149.51,145.67,77.31,856.85,6195.75,64.07,1362.82,990.91,55.33,80.71,154.61,2205.48,132.18,280.84,150.57,222.48,179.89,107.5,17404.64,68.38
1875.66,811.46,130.55,120.5,76.15,3372.5,151.95,76.68,885.83,6305.99,66.82,1463.87,1000.91,53.59,86.79,152.03,2227.69,126.95,276.62,167.22,232.2,184.1,143.97,18489.48,74.08
1956.55,835.64,155.26,125,84.43,3379.33,150.23,73.08,923.98,6682.44,71.78,1557.8,1042.38,61.63,99.26,155.55,2303.44,123.33,271.97,171.61,232.2,180.1,132.37,16911.33,77.56
2181.26,801.1,150.77,127,89.04,3517.54,155.86,74.68,920.23,6976.98,76.78,1692.45,1142.61,63.47,105.25,151.99,2326.26,128.63,264.83,164.58,232.2,192.73,192.51,17121.62,74.88
2230.15,782.69,146.6,133.88,103.93,3522.1,154.41,75.11,915.63,7367.4,77.4,1748.38,1214.29,65.36,125.91,152.32,2352.18,126.02,258.22,167.21,273.24,196.51,210.32,18405.55,77.12
2053.29,790.75,137.3,141.75,100.92,3276.56,155.92,73.52,900.99,6867.69,80.04,1709.79,1218,67.63,127.62,147.78,2125.8,139.56,252.76,161.63,273.24,189.57,191.37,19060.55,74.72
2210.55,842.54,147.06,152.1,101.12,3089.65,162.15,72.55,909.8,7466.96,85.79,1793.86,1200,69.26,139.77,142.38,2162.71,143.08,249.84,159.01,273.24,192.94,154.49,22467.17,79.3
2314.31,828.42,151.71,164.75,107.3,3221.23,171.07,76.37,907.87,7729.86,88.09,1961.11,1202.73,72.12,172.47,144.95,2272.18,140.23,246.04,157.66,300.6,196.51,145.37,26028.5,84.14
2044.73,872.47,142.95,157.75,107.28,3165.75,174.03,76.24,861.85,6843.18,90.07,1907.78,1230,72.2,161.35,138.19,1876.82,143.85,253.66,163.77,283.32,211.24,149.4,21930,75.54
1929.41,964.84,145.97,144.81,105.2,3230.83,193.52,82.51,876.05,6501.5,91.68,1817.13,1189.09,73.67,143.63,138.06,1707.28,143.38,260.84,152.87,290.16,195.25,172.85,19411.3,74.73
1989.05,987.07,156.36,145.39,102.84,3229.55,205.25,89.95,945.75,6750.57,84.15,1705.03,1180,73.74,126.36,143.14,1843.97,146.32,274.91,163.92,305.28,191.25,166.61,19548.52,74.52
2110.44,896.53,161.03,152.5,96.19,3071.71,212.8,89.06,1012.84,7302.67,90.35,1673.83,1210.91,72.14,145.34,147,2082.8,141.77,294.67,175.6,308.52,186.2,155.32,21448.79,75.88
2171.24,883.98,168.2,152.5,101.66,2874.98,222.1,87.11,1031.51,7729.59,104.73,1632.19,1272.27,71.86,140.63,147.03,2192.85,136.92,310.91,205.84,305.64,188.94,140.21,22690.14,76.11
2342.18,921.8,174.61,154.75,104.41,2927.45,215.84,90.57,1149.25,8289.76,126.55,1665.71,1296.19,73.68,148.48,149.51,2383.55,145.89,316.36,235.7,311.04,200.3,123.62,23793.68,81.72
2324.05,908.15,179.12,156.5,114.81,2910.31,227.96,97.94,1243.95,8458.42,155.47,1662.63,1300,75.24,160.55,150.75,2364.98,141.02,313.32,238.24,313.56,210.4,133.7,22836.23,84.53
2356.67,897.79,189.6,173.03,126.74,3047.06,237.33,98.32,1385.48,9152.86,168.22,1593.21,1359.13,76.57,168.53,147.14,2413.2,149.49,306.54,250.63,314.28,209.35,152.85,24099.57,90.07
2439.7,949.42,195.12,185.63,141.94,3164.48,262.94,106.03,1441.42,9533.2,178.93,1607.46,1568.57,78.45,179.63,147.57,2583.98,152.47,315.32,265.29,330.84,227.44,161.71,25621.23,92.66
2515.26,1013.12,196.37,183.73,137.53,3471.1,288.08,114.62,1419.27,9880.94,213.18,1612.82,1600,69.83,187.18,150.32,2595.58,150.29,328.63,293.4,329.04,250.17,147.32,28412.18,97.73
2555.5,994.17,202.53,187.72,135.14,3392.97,294.48,122.46,1416.7,9503.36,229.67,1755.65,1600,88,169.36,152.53,2624.02,150.1,334.76,290.36,328.32,256.27,143.04,26710.35,108.65
2667.42,1013.47,208.7,193,131.25,3113.51,302.71,121.29,1446.91,9482.75,216.62,1760.73,1600,88,179.26,154.08,2719.35,156.19,343.5,318.7,361.08,303.19,152.52,26332.17,116.32
2587.21,1022.1,208.72,184.11,127.63,3070.77,293.06,126.3,1415.51,8931.68,165.52,1590.95,1659.09,88,177.1,154.33,2419.64,160.91,385.25,308.47,360.72,331.38,155.2,24164.55,108.18
2557.76,986.31,210.17,178.36,128.67,3015.64,277.78,122.15,1404.24,9066.85,160.65,1508,1776.36,88,170.88,153.14,2524.99,157.68,417.56,310.46,360,342.74,163.32,22420.93,105.85
2525.43,964.22,215.46,177.76,129.38,3167.18,269.18,116.58,1393.95,9650.46,149.25,1469.08,1683.34,87.5,172.98,152.24,2681.02,152.67,430.49,300.8,403.2,342.74,159.21,23847.95,107.88
2380.98,960.25,206.66,180.85,128.71,3064.31,273.54,119,1356.65,8997.99,114.1,1455.06,1819.88,85.11,177.45,153.8,2393.06,147.1,450.03,310.24,399.96,372.41,145.94,21864.68,100.45
2293.46,945.5,210.63,175.93,131.88,2873.88,275.58,113.94,1310.84,8300.14,116.65,1346.9,1837.73,85,177.23,147.54,2287.67,140.97,453.63,296.21,399.96,374.09,140.04,20377.59,100.83
2180.65,956.33,208.68,174.28,127.92,2680.05,248.49,107.34,1268.97,7394.19,110.61,1352.34,1829.29,78.13,150.43,146.92,1960.38,138.96,435.86,274.78,435.96,370.3,128.3,19039.05,99.92
2079.98,959.32,211.37,186.68,121.91,2527.43,249.5,108.18,1280.65,7581.02,104.68,1402.34,1860.66,76.5,135.54,142,1994.22,148.52,403.26,274.23,432.72,376.41,117.3,17873,105.36
2024.38,946.76,212.22,190.09,119.53,2200.61,243.14,114.07,1244.43,7558.88,95.45,1369.68,1853.53,72,136.46,135.97,2024.56,144,387.86,258.44,435.96,379.77,113.86,18246.04,104.26
2151.33,942.99,210.47,190.93,124.78,2307.76,240.89,109.4,1253.12,8061.92,101.11,1295.05,1858.54,73,140.35,132.74,2100.21,144.93,387.75,272.85,443.88,367.36,96.1,19908.62,106.89
2207.92,1045.12,213.46,194.1,125.38,2356.24,225.49,111.25,1297.21,8441.49,100.75,1315.22,1885.51,76.71,140.4,125.03,2121.26,142.61,374.98,279.46,439.92,351.58,91.06,20393.67,112.7
2184.16,1151.43,222.68,194.36,115.14,2359.25,201.85,113.6,1288.75,8470.78,99.5,1319.33,1807.74,82.25,144.66,117.18,2056.69,147.03,357.05,280.66,450.36,387.56,77.89,18660.81,117.79
2048.51,1029.33,237.27,192.1,110.99,2266.78,193.35,111.71,1304.06,8285.53,100.1,1408.1,2111.54,84,147.65,109.12,2073.64,128.01,353.7,274.21,452.52,411.75,70.31,17892.82,113.75
2002.52,955.44,236.98,187.3,102.68,2113.09,186.35,116.01,1236.62,7896.91,88.53,1518,1619.49,84,136.27,97.92,1999.25,148.87,367.03,268.79,452.52,385.66,87.56,16968.32,104.16
1885.51,956.33,234.7,183.6,93.42,2265.84,169.79,113.34,1182.69,7428.29,82.18,1642.3,1766.45,84,134.62,92.33,1850.96,145.65,362.31,267.23,452.16,407.76,88.36,16603.68,90.73
1876.25,966.85,242.53,180.36,94.54,2349.82,190.77,113.37,1209.43,7584.26,83.97,1735.12,1792.51,84,127.94,91.46,1881.48,134.37,357.19,332.95,409.68,401.86,106.73,16128.41,96.75
1843.33,954.84,258.64,183.13,97.5,2512.26,175.97,113.01,1221.67,7510.43,84.4,1755.74,1794.6,86,107.8,88.52,1897.77,141.43,354.71,332.17,410.4,386.93,102.17,15703.99,105.28
2064.12,966.85,254.68,180.25,95.31,2620.28,179.6,110.87,1267.9,8087.74,84.15,1716.05,1819.98,86,99.47,88.52,2177.68,175.5,353.34,320.72,409.68,394.71,102.68,17287.96,106.32
1974.3,959.04,250.04,181.54,87.7,2463.54,172.37,109.89,1216.49,8062.03,81.95,1694.59,1997.59,86,113.95,88.52,2141.97,152.15,350.23,321.63,416.52,363.36,119.49,17168.74,103.39
1948.83,937.34,249.06,192.02,92.03,2478.16,160.64,102.94,1199.96,7711.23,80.87,1902.06,1993.55,86,120.35,88.52,2181.97,166.12,353.03,321.54,419.04,354.1,127.42,16335.36,101.17
2086.76,945.8,248.22,195.62,99.51,2431.82,154.22,102.3,1191.08,7966.49,83.37,2190.08,2118.59,86,128.87,91.39,2279.8,166.12,354.8,308.72,419.04,354.1,120.24,17448.5,101.17
2037.61,933.82,236.96,195.39,99.4,2275.44,158.27,105.79,1208.08,8053.74,85.51,2088.6,2161.3,86,150.49,94.63,2334.47,166.12,334.1,303.29,410.04,354.1,119.78,17494.07,105.04
